{
  "data_min": 5.69,
  "data_max": 74.19,
  "scale": 0.014598540145985401,
  "min": -0.08306569343065694
}