{
  "data_min": [
    5.69,
    23.76,
    62.27
  ],
  "data_max": [
    74.19,
    32.06,
    87.76
  ],
  "scale": [
    0.014598540145985401,
    0.12048192771084336,
    0.03923107100823852
  ],
  "min": [
    -0.08306569343065694,
    -2.8626506024096385,
    -2.4429187916830126
  ]
}