{
  "data_min": [
    0.0,
    23.38,
    40.67
  ],
  "data_max": [
    74.19,
    36.07,
    90.3
  ],
  "scale": [
    0.013478905512872355,
    0.07880220646178092,
    0.020149103364900264
  ],
  "min": [
    0.0,
    -1.8423955870764377,
    -0.8194640338504938
  ]
}