{
  "data_min": [
    5.69,
    22.0,
    53.65
  ],
  "data_max": [
    74.19,
    31.99,
    72.03
  ],
  "scale": [
    0.014598540145985401,
    0.10010010010010012,
    0.05440696409140369
  ],
  "min": [
    -0.08306569343065694,
    -2.2022022022022028,
    -2.918933623503808
  ]
}
